TRADE DATE,NASDAQOMX/XNDXT25/INDEX VALUE,NASDAQOMX/XNDXT25/HIGH,NASDAQOMX/XNDXT25/LOW,NASDAQOMX/XNDXT25/TOTAL MARKET VALUE,NASDAQOMX/XNDXT25/DIVIDEND MARKET VALUE
8/12/2020,,0,0,,397989
8/11/2020,1357.65,1378.62,1355.36,2608048115,0
8/10/2020,1367.19,1367.87,1352.57,2626363720,392619
8/7/2020,1361.95,1363.33,1349.64,2616696771,0
8/6/2020,1365.71,1367.64,1357.51,2623921929,223322
8/5/2020,1363.9,1370.34,1358.86,2620665691,0
8/4/2020,1375.07,1375.13,1356.89,2642116654,0
8/3/2020,1358.18,1359.32,1347.1,2609664793,0
7/31/2020,1350.94,1353.02,1329.58,2595753816,0
7/30/2020,1352.45,1355.04,1333.77,2598661205,0
7/29/2020,1345.31,1349.66,1332.5,2584939427,0
7/28/2020,1329.42,1348.76,1328.19,2554415511,0
7/27/2020,1346.7,1347.6,1326.67,2587604713,0
7/24/2020,1325.19,1336.98,1320.76,2546287149,0
7/23/2020,1341.37,1363.76,1335.74,2577381930,0
7/22/2020,1361.66,1369.04,1356.29,2616365362,0
7/21/2020,1360.23,1376.67,1356.53,2613606068,0
7/20/2020,1364.12,1367.57,1346.68,2621089370,0
7/17/2020,1348.55,1351.62,1342.01,2591160805,0
7/16/2020,1346.59,1349.56,1336.88,2587409744,0
7/15/2020,1353.35,1356.6,1335.5,2600393462,0
7/14/2020,1328.18,1329.7,1296.44,2552033923,0
7/13/2020,1314,1349.17,1312.22,2524787699,0
7/10/2020,1326.72,1327.06,1307.94,2549221525,0
7/9/2020,1319.88,1326.06,1300.93,2536081720,1088929
7/8/2020,1318.39,1321.45,1305.4,2534303188,0
7/7/2020,1315.35,1331.43,1314.11,2528452863,0
7/6/2020,1330.98,1336.64,1323.75,2558515333,0
7/2/2020,1302.87,1316.89,1301.2,2504479239,0
7/1/2020,1291.66,1299.18,1283.87,2482921847,0
6/30/2020,1293.66,1298.07,1277.52,2486759687,0
6/29/2020,1278.19,1279.08,1249.79,2457023054,0
6/26/2020,1258.02,1276.48,1252.69,2418257077,0
6/25/2020,1273.85,1274.6,1250.79,2448679849,0
6/24/2020,1265.45,1293.12,1257.18,2432539842,0
6/23/2020,1299.71,1310.74,1298.12,2498397111,0
6/22/2020,1295.13,1298.61,1285,2489597516,0
6/19/2020,1300.54,1320.49,1285.84,2737222197,0
6/18/2020,1302.95,1303.47,1285.65,2742295198,0
6/17/2020,1293.98,1305.31,1289.61,2723398635,0
6/16/2020,1293.24,1310.48,1273.7,2721840241,0
6/15/2020,1270.7,1274.98,1223.58,2674417513,0
6/12/2020,1255.25,1268,1226.98,2641902678,351222
6/11/2020,1228.61,1274.72,1227.2,2586171038,0
6/10/2020,1305.39,1321.59,1299.71,2747796264,0
6/9/2020,1320.85,1334.17,1318.18,2780333923,0
6/8/2020,1350.51,1350.91,1332.64,2842760158,0
6/5/2020,1326.54,1337.79,1321.53,2792299466,0
6/4/2020,1291.15,1298.74,1279.97,2717805995,503521
6/3/2020,1281.47,1285.58,1270.97,2697928876,0
6/2/2020,1257.06,1257.45,1241.3,2646536650,0
6/1/2020,1246.65,1250.96,1238.33,2624622206,0
5/29/2020,1242.23,1245.25,1218.12,2615312257,409941
5/28/2020,1225.65,1244.24,1221.89,2580818837,1310187
5/27/2020,1227.28,1227.37,1197.38,2585560318,836237
5/26/2020,1204.88,1218.77,1203.38,2539197534,0
5/22/2020,1183.23,1183.69,1170.49,2493577407,0
5/21/2020,1177.45,1194.68,1173.33,2481385660,341450
5/20/2020,1196.75,1200.76,1188.1,2522408183,812522
5/19/2020,1173.34,1192.21,1173.3,2473855183,0
5/18/2020,1180.57,1185.28,1160.86,2489108793,0
5/15/2020,1130.39,1134.13,1112.13,2383308800,483256
5/14/2020,1132.68,1132.99,1087.87,2388626162,887489
5/13/2020,1117.25,1141.92,1104.49,2356956321,0
5/12/2020,1140.14,1172.67,1140.12,2405251549,414395
5/11/2020,1165.99,1174.28,1154.53,2460201380,0
5/8/2020,1171.77,1172.57,1153.47,2472388183,0
5/7/2020,1144.93,1160.07,1143.75,2415758114,224831
5/6/2020,1136.53,1144.97,1127.89,2398263160,0
5/5/2020,1135.72,1152.58,1131.16,2396558960,0
5/4/2020,1135.25,1135.73,1113.46,2395556896,0
5/1/2020,1129.51,1143.83,1120.76,2383462811,0
4/30/2020,1161.21,1171.26,1153,2450342462,0
4/29/2020,1184.74,1189.71,1169.75,2171757818,0
4/28/2020,1148.09,1177.67,1147.34,2104568375,0
4/27/2020,1154.65,1159.99,1147.21,2116593738,0
4/24/2020,1138.63,1140.61,1112.69,2087227143,0
4/23/2020,1109.57,1127.73,1106.71,2033955393,0
4/22/2020,1112.08,1117.04,1099.6,2038565891,0
4/21/2020,1083.73,1106.92,1081.53,1986600597,0
4/20/2020,1118.5,1135.1,1115.6,2050330426,0
4/17/2020,1132.39,1138.03,1115.81,2075786863,0
4/16/2020,1112.9,1116.04,1090.41,2040062309,0
4/15/2020,1095.75,1100.51,1081.74,2008630895,0
4/14/2020,1114.97,1116.47,1102.25,2043860392,0
4/13/2020,1084.63,1086.61,1068,1988247297,0
4/9/2020,1089.86,1117.15,1080.92,1997825737,0
4/8/2020,1089.88,1093.24,1063.47,1997858089,0
4/7/2020,1059.19,1096.2,1057.33,1941600668,0
4/6/2020,1057.07,1060.41,1012.49,1937729807,0
4/3/2020,974.6,995.48,964.8,1786548128,0
4/2/2020,988.8,999.53,967.56,1812582708,773320
4/1/2020,974.46,1003.46,966.01,1787044139,0
3/31/2020,1021.83,1044.17,1019.31,1873922865,0
3/30/2020,1030.16,1032.77,994.77,1889192662,0
3/27/2020,1005,1034.34,1003.47,1843057858,0
3/26/2020,1053.42,1054.86,1008.84,1931856962,0
3/25/2020,1001.21,1042.69,974.34,1836116341,0
3/24/2020,987.71,989.04,951.85,1811349082,0
3/23/2020,906.39,925.36,878.79,1662214893,0
3/20/2020,896.99,966.39,896.66,1644984088,0
3/19/2020,939.52,959.87,900.72,1722979874,0
3/18/2020,926.85,971.51,889.66,1699745635,0
3/17/2020,999,1010.72,922.59,1832061860,0
3/16/2020,939.73,1013.79,937.85,1723354193,0
3/13/2020,1058.55,1058.64,982.29,1941260311,293680
3/12/2020,990.04,1056.72,988.93,1815901482,0
3/11/2020,1095.44,1123.98,1082.92,2009223973,0
3/10/2020,1148.06,1148.06,1088.82,2105727182,0
3/9/2020,1099.02,1139.72,1092.57,2015794492,308866
3/6/2020,1175.52,1184.49,1151.34,2156432060,0
3/5/2020,1192.12,1213.46,1184.09,2186887963,315145
3/4/2020,1233.83,1234.16,1202.1,2263725808,0
3/3/2020,1193.29,1242.69,1185.46,2189336916,618779
3/2/2020,1224.91,1225.03,1175.83,2247993816,0
2/28/2020,1189.29,1194.82,1158.26,2182618817,442111
2/27/2020,1192.01,1231.88,1191.79,2188048742,0
2/26/2020,1232.29,1268.67,1230.95,2261988378,777832
2/25/2020,1249.34,1298.5,1245.66,2294078187,0
2/24/2020,1287.24,1300.79,1282.23,2363664369,264035
2/21/2020,1333.51,1349.32,1330.49,2448918208,0
2/20/2020,1355.53,1363.86,1341.73,2489354791,829581
2/19/2020,1359.24,1363.73,1355.39,2496989722,0
2/18/2020,1349.76,1353.87,1343.13,2479585252,0
2/14/2020,1358.39,1370.38,1353.81,2495430544,0
2/13/2020,1360.53,1364.98,1353.18,2499355541,0
2/12/2020,1370.73,1371.36,1360.95,2518093396,0
2/11/2020,1351.26,1355.92,1342.18,2482340647,185376
2/10/2020,1335.34,1335.35,1324.03,2453263245,1147766
2/7/2020,1330.91,1345.97,1330.4,2446269864,0
2/6/2020,1360.56,1365.65,1355.95,2500777661,0
2/5/2020,1356.18,1362.62,1347.2,2492722917,0
2/4/2020,1344.21,1348.41,1331.99,2470724601,0
2/3/2020,1311.4,1319.21,1307.16,2410418837,0
1/31/2020,1299.93,1324.5,1296.19,2389336807,724892
1/30/2020,1331.73,1332.28,1312.46,2448530676,0
1/29/2020,1332.81,1351.67,1332.63,2450512074,0
1/28/2020,1352.5,1357.22,1344.09,2486704122,0
1/27/2020,1337.53,1345.16,1326.01,2459183054,0
1/24/2020,1364.24,1389.38,1356.47,2508292625,0
1/23/2020,1388.12,1389.34,1369.84,2552208093,0
1/22/2020,1379.64,1394.21,1378.48,2536607143,0
1/21/2020,1382.26,1388.1,1378.36,2541435465,0
1/17/2020,1396.74,1402.08,1391.9,2568044841,0
1/16/2020,1400.38,1400.44,1391.29,2574745889,0
1/15/2020,1383.54,1389.02,1380.14,2543784044,0
1/14/2020,1387.96,1391.35,1377.6,2551905235,0
1/13/2020,1383.28,1384.41,1372.28,2543305407,0
1/10/2020,1369.91,1378.31,1367.18,2518727168,0
1/9/2020,1373.86,1379.91,1367.31,2525977791,0
1/8/2020,1366.8,1373.79,1361.71,2513014219,0
1/7/2020,1363.17,1367.62,1354.22,2506338834,0
1/6/2020,1353.82,1354.09,1344.65,2489149152,0
1/3/2020,1357.14,1362.39,1352.84,2495246085,0
1/2/2020,1374.79,1374.79,1362.9,2527691510,773320
12/31/2019,1353.17,1353.46,1346.47,2488706183,0
12/30/2019,1350.92,1359.33,1348.38,2484573132,0
12/27/2019,1359.26,1365.46,1356.4,2499903057,0
12/26/2019,1362.2,1364.43,1359.38,2505319122,0
12/24/2019,1361.69,1361.7,1359.03,2504381659,0
12/23/2019,1358.96,1365.13,1358.45,2499356684,0
12/20/2019,1359.31,1361.18,1355.05,2760052730,0
12/19/2019,1356.04,1356.61,1347.03,2753419521,0
12/18/2019,1347.49,1349.4,1340.77,2736055835,0
12/17/2019,1344.09,1347.06,1342.45,2729151595,0
12/16/2019,1345.77,1351.27,1345.75,2732560405,0
12/13/2019,1337.48,1353.99,1336.04,2715721737,357824
12/12/2019,1343.65,1345.45,1318.43,2728618663,0
12/11/2019,1318.81,1321.01,1310.8,2678174772,0
12/10/2019,1308.71,1315.44,1305.18,2657658576,488717
12/9/2019,1306.5,1315.52,1306.25,2653663045,0
12/6/2019,1314.08,1319.4,1314.08,2669054794,0
12/5/2019,1296.81,1300.16,1292.23,2633978161,360936
12/4/2019,1294.13,1298.98,1291.58,2628893095,0
12/3/2019,1281.49,1281.8,1270.75,2603209013,0
12/2/2019,1292.92,1303.31,1289.75,2626435072,551724
11/29/2019,1302.04,1307.15,1301.24,2645513304,0
11/27/2019,1308.67,1308.8,1303.7,2658994435,0
11/26/2019,1300.16,1301.57,1294.9,2641698172,842844
11/25/2019,1301.07,1302.15,1288.52,2644381709,0
11/22/2019,1282.54,1284.15,1273.58,2606725772,523451
11/21/2019,1274.42,1278.38,1270.47,2590739911,0
11/20/2019,1277.32,1287.89,1271.94,2596631930,405196
11/19/2019,1288.2,1292.31,1281.72,2619171949,0
11/18/2019,1287.31,1289.82,1283,2617357262,253391
11/15/2019,1292.71,1295.44,1289.08,2628596034,0
11/14/2019,1283.67,1287.92,1277.41,2610210963,1421464
11/13/2019,1290.16,1294.36,1284.02,2624827138,0
11/12/2019,1294.83,1302.05,1292.33,2634338911,0
11/11/2019,1297.04,1297.99,1291.12,2638838182,0
11/8/2019,1302.76,1302.87,1287.12,2650461801,455063
11/7/2019,1292.08,1301.82,1288.02,2629185298,212620
11/6/2019,1294.12,1302.69,1290.77,2633564946,0
11/5/2019,1304.97,1311.39,1302.08,2655627077,0
11/4/2019,1298.07,1300.5,1295.57,2641589721,0
11/1/2019,1286.09,1286.63,1273.21,2617213999,0
10/31/2019,1262.93,1263.08,1253.28,2570087817,0
10/30/2019,1261.84,1262.92,1252,2567874842,0
10/29/2019,1258.81,1263.37,1256.97,2561706600,0
10/28/2019,1256.65,1259.36,1250.45,2557302307,0
10/25/2019,1244.32,1247.02,1237.03,2532210026,0
10/24/2019,1240.54,1244.62,1230.88,2524527155,0
10/23/2019,1231.41,1234.85,1220.26,2505940398,0
10/22/2019,1230.1,1237.98,1228.57,2503281795,0
10/21/2019,1231.63,1234.71,1227.28,2506395336,0
10/18/2019,1221.11,1231.8,1217.34,2484990143,0
10/17/2019,1232.48,1236.02,1228.84,2508124325,0
10/16/2019,1226.69,1234.44,1225.99,2496334242,0
10/15/2019,1232.61,1235.91,1218.81,2508380512,0
10/14/2019,1217.04,1219.1,1209.52,2476707318,0
10/11/2019,1218.67,1228.73,1216.05,2480021429,0
10/10/2019,1198.69,1202.42,1187.04,2439353639,0
10/9/2019,1188.71,1192.88,1183.94,2419047268,0
10/8/2019,1176.66,1190.91,1174.39,2394521492,0
10/7/2019,1198.39,1208.29,1197.93,2438737561,0
10/4/2019,1206.27,1206.8,1194.71,2454775480,0
10/3/2019,1194.25,1194.36,1168.31,2430325642,887246
10/2/2019,1184.11,1191.09,1177.71,2410566635,0
10/1/2019,1201.12,1225.66,1197.86,2445189019,0
9/30/2019,1210.83,1212.42,1200.45,2464961271,488717
9/27/2019,1197.71,1216.67,1190.93,2438742805,0
9/26/2019,1211.09,1221.02,1207.13,2465972725,0
9/25/2019,1220.6,1222.78,1197.22,2485334234,0
9/24/2019,1203.51,1225.97,1199.41,2450539505,0
9/23/2019,1223.67,1228.88,1220.4,2491600504,0
9/20/2019,1227.8,1243.23,1225.4,2636337699,0
9/19/2019,1240.27,1252.84,1239.59,2663110690,0
9/18/2019,1247.94,1248.5,1232.81,2679579706,0
9/17/2019,1250.51,1251.3,1242.86,2685104066,0
9/16/2019,1251.19,1253.55,1242.94,2686561024,0
9/13/2019,1257.58,1262.89,1254.97,2700284789,382419
9/12/2019,1256.97,1265.46,1252.69,2699345690,0
9/11/2019,1257.6,1257.75,1239.76,2700716873,0
9/10/2019,1240.34,1240.46,1228.27,2663650626,0
9/9/2019,1237.79,1238.36,1229.49,2658171066,0
9/6/2019,1225.9,1230.77,1218.08,2632638982,0
9/5/2019,1219.08,1226.71,1213.88,2617987976,350736
9/4/2019,1196.27,1197.18,1189.42,2569338217,0
9/3/2019,1175.96,1183.41,1168.83,2525734359,635710
8/30/2019,1184,1190.6,1179.34,2543642104,349563
8/29/2019,1176.36,1180.07,1171,2527568938,0
8/28/2019,1157.81,1159.61,1140.58,2487714140,821777
8/27/2019,1149.49,1165.64,1145.49,2470654540,0
8/26/2019,1155.61,1158.36,1151.08,2483794645,584951
8/23/2019,1144.06,1180.61,1141.36,2459558407,359885
8/22/2019,1181.83,1186.99,1172.75,2541122667,0
8/21/2019,1185.09,1190.21,1182.62,2548129187,260576
8/20/2019,1177.86,1187.25,1177.63,2532855673,430082
8/19/2019,1183.25,1186.89,1177.55,2544868947,0
8/16/2019,1160.6,1162.82,1147.43,2496152272,0
8/15/2019,1139.22,1148.09,1133.53,2450177296,0
8/14/2019,1140.33,1154.24,1135.63,2452572462,658299
8/13/2019,1173.81,1183.98,1145.55,2525256488,0
8/12/2019,1151.24,1159.13,1146.23,2476684845,0
8/9/2019,1166.14,1175.24,1159.87,2508749512,0
8/8/2019,1182.42,1182.77,1162.39,2543777559,216071
8/7/2019,1157.81,1160.44,1132.86,2491034404,0
8/6/2019,1148.41,1157.31,1136.57,2470808959,0
8/5/2019,1135.21,1156.41,1127.47,2442425544,0
8/2/2019,1182.19,1192.04,1173.82,2543498435,0
8/1/2019,1206.11,1243.37,1197.66,2594949841,0
7/31/2019,1219.69,1241.48,1207.09,2624181431,0
7/30/2019,1240.26,1242.27,1228.93,2668437159,0
7/29/2019,1239.98,1241.83,1230.41,2667829435,0
7/26/2019,1236.45,1240.4,1235.11,2660244188,0
7/25/2019,1233.84,1241.57,1232.06,2654614956,0
7/24/2019,1246.27,1247.28,1232.03,2681372266,0
7/23/2019,1231.96,1232.18,1219.44,2650563467,0
7/22/2019,1218.13,1221.91,1211.47,2620814872,0
7/19/2019,1207.12,1219.21,1206.98,2597137676,0
7/18/2019,1213.96,1214.88,1198.65,2611849167,0
7/17/2019,1198.81,1207.48,1198.67,2579253351,0
7/16/2019,1203.6,1212.95,1200.38,2589548120,0
7/15/2019,1216.01,1218.2,1210.49,2616249194,0
7/12/2019,1221.01,1221.74,1211.37,2627013644,0
7/11/2019,1207.64,1211.25,1200.01,2598254602,0
7/10/2019,1209.29,1215.73,1202.06,2601796390,0
7/9/2019,1202.14,1203.18,1188.98,2586417475,0
7/8/2019,1195.6,1201.89,1191,2572339477,0
7/5/2019,1205.06,1205.67,1192.24,2592689858,0
7/3/2019,1210.13,1213.44,1207.46,2603610557,780996
7/2/2019,1203.56,1205.12,1197.82,2590244586,0
7/1/2019,1205.65,1215.82,1198.32,2594735430,0
6/28/2019,1183.33,1184.47,1174.77,2546704575,0
6/27/2019,1172.23,1174.61,1163.93,2522817471,1587593
6/26/2019,1158.96,1164.83,1158.68,2495825554,0
6/25/2019,1146.83,1163.68,1146.3,2469719675,0
6/24/2019,1161.42,1165.8,1159.03,2501135949,0
6/21/2019,1160.9,1165.14,1152.97,2536120678,0
6/20/2019,1162.53,1172.38,1155.13,2539692279,0
6/19/2019,1154.33,1157.18,1147.27,2521776272,0
6/18/2019,1148.83,1158.19,1138.22,2509750659,0
6/17/2019,1128.26,1137.85,1127.5,2464827973,310827
6/14/2019,1133.52,1136.51,1128.26,2476633625,0
6/13/2019,1142.43,1142.52,1135.32,2496100412,267723
6/12/2019,1131.58,1138.94,1130.75,2472661501,0
6/11/2019,1142.51,1153.98,1138.46,2496528513,603104
6/10/2019,1142.29,1148.9,1136.91,2496666938,0
6/7/2019,1128.6,1134.53,1121.44,2466739339,325804
6/6/2019,1118.11,1121.09,1109.92,2444140714,346947
6/5/2019,1111.47,1117.96,1098.21,2429968117,0
6/4/2019,1109.14,1109.53,1084.12,2424862340,0
6/3/2019,1071.79,1084.69,1066.54,2343220437,0
5/31/2019,1075.28,1084.39,1075.17,2350838640,0
5/30/2019,1090.4,1098.62,1084.51,2383891014,284712
5/29/2019,1088.77,1091.5,1079.34,2380615414,849649
5/28/2019,1090.61,1109.62,1090.42,2385487684,0
5/24/2019,1101.34,1114.17,1100.84,2408955430,0
5/23/2019,1104.11,1105.4,1096.14,2415020935,0
5/22/2019,1120.99,1128.14,1119.83,2451949532,263244
5/21/2019,1130.07,1132.2,1122.92,2472069914,0
5/20/2019,1111.78,1120.94,1107.69,2432050370,878183
5/17/2019,1132.18,1150.85,1131.8,2477569895,0
5/16/2019,1146.99,1152.49,1138.5,2509991489,0
5/15/2019,1141.6,1147.66,1122.26,2498198261,0
5/14/2019,1132,1138.15,1117.85,2477178269,626986
5/13/2019,1110.33,1133.46,1107.46,2430374337,473023
5/10/2019,1159.07,1163.62,1133.85,2537556079,0
5/9/2019,1164.6,1166.18,1142.64,2549658716,196110
5/8/2019,1167.43,1173.97,1160.99,2556069245,0
5/7/2019,1168.15,1191.61,1160.04,2557644582,0
5/6/2019,1206.06,1208.13,1188.31,2640635093,0
5/3/2019,1218.96,1220.24,1209.47,2668875249,0
5/2/2019,1214.13,1223.21,1203.9,2658298238,0
5/1/2019,1209.87,1227.78,1209.87,2648982585,0
4/30/2019,1217.65,1218.69,1204.89,2666024594,784133
4/29/2019,1210.04,1213.89,1205.53,2650124414,0
4/26/2019,1205.81,1206.09,1189.12,2640863350,0
4/25/2019,1198.16,1202.4,1187.65,2624103308,0
4/24/2019,1202.16,1206.44,1200.85,2632877681,0
4/23/2019,1203.9,1206.84,1194.58,2636692297,0
4/22/2019,1187.16,1190.69,1185.09,2600024921,0
4/18/2019,1193.75,1194.96,1184.61,2614447847,0
4/17/2019,1196.73,1206.45,1191.71,2620988465,0
4/16/2019,1198.92,1202.6,1195.33,2625773605,0
4/15/2019,1194.86,1200.44,1190.33,2616889811,0
4/12/2019,1199.9,1199.96,1193.32,2627923467,0
4/11/2019,1186.7,1191.69,1183.01,2599024522,0
4/10/2019,1185.97,1186.58,1176.2,2597406493,0
4/9/2019,1178.25,1184.75,1176.16,2580516974,0
4/8/2019,1182.81,1183,1170.64,2590491302,0
4/5/2019,1179.65,1180.62,1171.6,2583577713,0
4/4/2019,1167.69,1173.19,1162.42,2557370356,587717
4/3/2019,1170.8,1176.94,1163.08,2564773428,0
4/2/2019,1154.31,1156,1148.58,2528650933,0
4/1/2019,1152.06,1152.87,1141.82,2523737724,0
3/29/2019,1130.21,1132,1124.92,2475854087,0
3/28/2019,1119.82,1125.59,1111.56,2453094208,1413817
3/27/2019,1118.57,1132.98,1113.75,2451769957,829039
3/26/2019,1130.71,1141.17,1125.81,2479234836,0
3/25/2019,1128.13,1135.47,1120.75,2473568591,0
3/22/2019,1134.16,1158.79,1133.76,2486788298,0
3/21/2019,1163.81,1167.1,1132.7,2551809202,0
3/20/2019,1134.04,1143,1128.71,2486533134,0
3/19/2019,1142.99,1150.45,1139.64,2506157365,603104
3/18/2019,1138.74,1144.51,1132.31,2497421083,0
3/15/2019,1139.91,1144.05,1133.83,3100129355,355417
3/14/2019,1128.37,1131.23,1125.8,3069102183,0
3/13/2019,1128.09,1134.82,1125.99,3068319068,0
3/12/2019,1124.98,1128.53,1120.78,3059864288,0
3/11/2019,1125.27,1127.64,1112.58,3060649699,0
3/8/2019,1108.99,1109.64,1095.95,3016392777,0
3/7/2019,1112.25,1117.54,1104.84,3025257737,347360
3/6/2019,1120.26,1130.14,1119.68,3047386753,290513
3/5/2019,1128.74,1133.69,1124.48,3070749013,0
3/4/2019,1124.62,1133.73,1113.3,3059544428,0
3/1/2019,1125.75,1128.6,1117.13,3062602208,0
2/28/2019,1114.42,1116.74,1107.11,3031792378,526712
2/27/2019,1115.38,1124.4,1110.92,3034939011,953961
2/26/2019,1131.41,1135.62,1128.09,3079522085,0
2/25/2019,1132.17,1142.08,1131.64,3081582299,589239
2/22/2019,1128.76,1129.5,1121.63,3072873026,0
2/21/2019,1120.01,1127.42,1116.46,3049053252,0
2/20/2019,1127.28,1132.21,1124.92,3068854458,536844
2/19/2019,1124.64,1128.14,1122.33,3062208179,0
2/15/2019,1126.62,1129.04,1122.07,3067588953,406724
2/14/2019,1120.4,1123.32,1108.45,3051077654,875453
2/13/2019,1118.55,1127.23,1116.02,3046905032,0
2/12/2019,1121.47,1124.05,1111.5,3054861108,0
2/11/2019,1099.13,1106.77,1097.88,2994013902,0
2/8/2019,1098.01,1098.12,1083.15,2990946944,216458
2/7/2019,1091.97,1100.64,1082.34,2974711591,0
2/6/2019,1103.73,1109.93,1100.24,3006748007,0
2/5/2019,1098.04,1100.24,1091.62,2991237024,0
2/4/2019,1089.87,1090.11,1074.66,2968999092,0
2/1/2019,1078.25,1081.71,1064.94,2937345124,0
1/31/2019,1061.11,1066.12,1055.7,2890648095,1683748
1/30/2019,1057.32,1059.23,1037.94,2881997836,0
1/29/2019,1036.81,1045.22,1032.83,2826100581,0
1/28/2019,1042.93,1042.93,1027.42,2842770417,0
1/25/2019,1043.25,1044.89,1034.59,2843638849,0
1/24/2019,1023.76,1025.97,1010.17,2790514365,0
1/23/2019,1001.15,1015.03,993.57,2728886177,0
1/22/2019,1006.21,1019.92,1001.34,2742693211,0
1/18/2019,1022.83,1026.37,1011.04,2787999333,0
1/17/2019,1005.96,1009.57,992.89,2741992408,0
1/16/2019,1000.13,1005.51,998.89,2726123202,0
1/15/2019,999.71,1001.38,992.89,2724956668,0
1/14/2019,990.57,996.11,985.95,2700043957,0
1/11/2019,1001.51,1004.56,991.18,2729869690,0
1/10/2019,999.79,1000.48,986.21,2725192271,0
1/9/2019,995.97,1000.14,988.04,2714760540,0
1/8/2019,984.84,990.54,973.06,2684430729,0
1/7/2019,979.8,988.22,966.63,2670684696,0
1/4/2019,968.97,972.18,945.41,2641185157,0
1/3/2019,931.41,952.56,929.68,2538798041,704846
1/2/2019,962.09,966.71,936.8,2623149867,0
12/31/2018,954.37,959.2,944.47,2602093481,0
12/28/2018,950.05,961.76,943.57,2590330676,0
12/27/2018,951.83,952.09,919.57,2595178331,1392758
12/26/2018,943.79,943.79,897.65,2574641522,0
12/24/2018,898.48,921.37,898.4,2451033390,0
12/21/2018,916.43,949.79,910.83,1830771392,0
12/20/2018,936.7,958.04,925.1,1871258514,0
12/19/2018,951.64,984.52,946.38,1901115528,0
12/18/2018,973.52,985.27,968.79,1944831518,1278409
12/17/2018,970.64,995.19,965.2,1940345201,0
12/14/2018,987.88,1005.24,986.55,1974815751,0
12/13/2018,1005.98,1021.74,1001.78,2010984087,0
12/12/2018,1015.63,1029.38,1015.04,2030279157,0
12/11/2018,1006.07,1026.02,998.6,2011169087,0
12/10/2018,1006.48,1010.62,988.07,2011981776,0
12/7/2018,1001.11,1032.42,997.86,2001262435,0
12/6/2018,1031.22,1031.22,1011.19,2061450027,317144
12/4/2018,1033.92,1066.51,1031.81,2067151542,706577
12/3/2018,1066.75,1071.47,1056.54,2133534292,0
11/30/2018,1051.73,1052.12,1043.33,2103493235,0
11/29/2018,1049.2,1057.45,1043.93,2098425045,0
11/28/2018,1054.98,1055.09,1028.68,2109988446,772850
11/27/2018,1036.02,1038.47,1026.45,2072825838,0
11/26/2018,1033.27,1033.73,1021.01,2067319941,412282
11/23/2018,1015.53,1023.38,1003.11,2032235851,0
11/21/2018,1011.44,1021.11,1005.14,2024059051,0
11/20/2018,1001.06,1017.6,995.67,2003287805,440483
11/19/2018,1016.43,1039.27,1014.67,2034493424,0
11/16/2018,1039.63,1044.11,1028.76,2176895202,358852
11/15/2018,1040.56,1042.46,1012.08,2179202915,717566
11/14/2018,1019.68,1036.95,1016.46,2136185431,239288
11/13/2018,1021.77,1037.18,1018.55,2140788062,0
11/12/2018,1022.1,1035.72,1020.48,2141477232,0
11/9/2018,1043.09,1054.25,1036.18,2185463860,0
11/8/2018,1062.26,1071.31,1058.75,2225622960,173352
11/7/2018,1070.05,1070.17,1056.95,2242136008,0
11/6/2018,1055.79,1057.23,1036.86,2212239549,0
11/5/2018,1036.62,1040.79,1028.07,2172086812,0
11/2/2018,1036.42,1046.74,1028.28,2272447940,0
11/1/2018,1040.27,1041.63,1010.34,2280888898,0
10/31/2018,1010.07,1017.22,1001.27,2214675897,744186
10/30/2018,995.65,996.87,979.89,2183801655,0
10/29/2018,977.73,1003.63,964.97,2144499601,0
10/26/2018,983.5,998.64,970.12,2157138179,0
10/25/2018,1008.84,1016.61,999.05,2212730867,0
10/24/2018,990.3,1030.08,989.55,2172052582,0
10/23/2018,1032.92,1038.09,1009.85,2265537674,0
10/22/2018,1036.85,1047.04,1033.32,2274150258,0
10/19/2018,1038.71,1058.77,1036.99,2278230430,0
10/18/2018,1047.29,1064.39,1044.12,2297068884,0
10/17/2018,1068.38,1074.4,1059.88,2343307255,0
10/16/2018,1067.32,1068.67,1051.03,2340996496,0
10/15/2018,1046.2,1055.05,1039.68,2294661175,0
10/12/2018,1047.79,1051.38,1032.29,2298150569,0
10/11/2018,1031.48,1053.32,1024.3,2262377287,0
10/10/2018,1043.14,1063.42,1043.06,2287966057,0
10/9/2018,1067.63,1074.44,1065.89,2341681631,0
10/8/2018,1072.88,1078.57,1063.85,2353177587,0
10/5/2018,1078.25,1094.95,1072.01,2364957825,0
10/4/2018,1090.58,1104.21,1084.05,2392010187,0
10/3/2018,1108.18,1112.76,1105.66,2430614975,0
10/2/2018,1107.18,1114.31,1106.06,2428424006,0
10/1/2018,1108.28,1119.48,1106.14,2430831213,0
9/28/2018,1114.7,1116.08,1109.38,2444912931,0
9/27/2018,1114.74,1121.79,1113.64,2444991494,1049200
9/26/2018,1115.33,1126.75,1114.6,2447332516,0
9/25/2018,1119.32,1128.97,1117.31,2456102129,0
9/24/2018,1128.79,1133.93,1127.44,2476882314,0
9/21/2018,1139.33,1143.46,1137.38,2430866444,0
9/20/2018,1139.07,1140.94,1132.77,2430324307,0
9/19/2018,1127.36,1129.86,1123.73,2405326953,0
9/18/2018,1124.51,1126.64,1116.02,2399251192,1078214
9/17/2018,1116.01,1123.98,1115.29,2382178131,0
9/14/2018,1124.51,1128.79,1120.62,2400331036,0
9/13/2018,1122.89,1126.84,1119.88,2396866958,0
9/12/2018,1117.92,1119.16,1105.77,2386257621,264271
9/11/2018,1115.96,1119.72,1108.97,2382351203,0
9/10/2018,1118.57,1119.22,1113.81,2387908320,0
9/7/2018,1111.98,1118.08,1109.84,2373840513,0
9/6/2018,1116.01,1124.8,1113.92,2382456232,0
9/5/2018,1124.01,1125.45,1116.25,2399518751,0
9/4/2018,1124.73,1126.37,1117.86,2401066801,0
8/31/2018,1129.97,1130.69,1124.78,2412246764,0
8/30/2018,1127.13,1140.97,1126.17,2406191779,0
8/29/2018,1148.19,1149.91,1142.32,2451151259,747238
8/28/2018,1143.86,1145.74,1138.44,2442642019,0
8/27/2018,1141.58,1145.85,1138.96,2437783489,0
8/24/2018,1135,1136.4,1130.54,2423738336,0
8/23/2018,1127.73,1134.15,1125.84,2408202782,0
8/22/2018,1131.78,1133.18,1127.32,2416846217,942011
8/21/2018,1132.23,1136.33,1127.06,2418747564,0
8/20/2018,1123.49,1125.88,1118.62,2400082034,356933
8/17/2018,1122.64,1124.13,1111.63,2398617812,352775
8/16/2018,1118.34,1124.51,1116.95,2389796424,0
8/15/2018,1113.95,1117.06,1106.69,2380410879,0
8/14/2018,1124.66,1127.14,1120.76,2403295333,664658
8/13/2018,1118.72,1126.28,1116.49,2391266936,0
8/10/2018,1120.26,1124.53,1116.52,2394563169,0
8/9/2018,1134.63,1140.66,1134.33,2425262103,145119
8/8/2018,1141.64,1143.16,1134.51,2440410557,0
8/7/2018,1138.72,1141.57,1136.99,2434166897,512675
8/6/2018,1146.21,1147.73,1139.58,2450682178,370010
8/3/2018,1140.66,1140.79,1131.32,2439178772,0
8/2/2018,1135.75,1136.44,1119.77,2428689719,0
8/1/2018,1128.03,1133.62,1125.77,2412182818,0
7/31/2018,1133.03,1135.07,1125.53,2422864013,690184
7/30/2018,1124.63,1131.72,1122.36,2405595399,0
7/27/2018,1130.58,1142.21,1122.75,2418330376,0
7/26/2018,1134.53,1138.77,1131.35,2426766736,0
7/25/2018,1125.74,1125.77,1113.93,2407968675,0
7/24/2018,1116.35,1132.36,1114.83,2387881610,0
7/23/2018,1125.87,1128.84,1115.9,2408247018,0
7/20/2018,1117.47,1123.6,1116.79,2479587067,0
7/19/2018,1126.49,1129.84,1118.92,2499592085,0
7/18/2018,1127.6,1130.03,1124.34,2502062102,0
7/17/2018,1128.24,1128.67,1115.1,2503481898,0
7/16/2018,1121.76,1128.03,1119.52,2489117481,0
7/13/2018,1128.94,1130.94,1127.08,2505040124,0
7/12/2018,1127.72,1128.06,1118.02,2502335830,0
7/11/2018,1107.06,1113.61,1103.7,2456481455,0
7/10/2018,1121.45,1122.67,1116.25,2488427174,0
7/9/2018,1122.17,1122.29,1116.41,2490017917,0
7/6/2018,1113.62,1114.33,1101.35,2471047790,0
7/5/2018,1100.68,1100.89,1087.68,2442328188,0
7/3/2018,1084.09,1094.64,1083.55,2405529870,0
7/2/2018,1086.9,1087.23,1069.01,2411749130,0
6/29/2018,1078.88,1086.67,1078.88,2393959049,0
6/28/2018,1077.97,1079.79,1065.14,2391946553,815052
6/27/2018,1071.98,1094.17,1071.83,2379464905,0
6/26/2018,1090.99,1094.09,1086.7,2421655502,0
6/25/2018,1090.91,1100.51,1084.03,2421474410,0
6/22/2018,1107.36,1112.47,1105.71,2457988405,0
6/21/2018,1108.94,1120.5,1107.73,2461496963,0
6/20/2018,1118.68,1120.47,1113.23,2483108596,0
6/19/2018,1114.72,1115.93,1105.69,2474325879,1078214
6/18/2018,1122.67,1123.89,1114.69,2493057046,0
6/15/2018,1125.79,1126.27,1114.58,2463874945,0
6/14/2018,1125.45,1126.81,1121.11,2463127962,0
6/13/2018,1119.53,1129.17,1117.54,2450155230,0
6/12/2018,1124.94,1125.85,1117.49,2462007117,0
6/11/2018,1119.3,1122.73,1116.66,2449650671,0
6/8/2018,1115.85,1116.82,1107.28,2442105767,0
6/7/2018,1114.12,1123.43,1107.52,2438327397,274023
6/6/2018,1121.64,1121.73,1110.33,2455048936,0
6/5/2018,1110.61,1117.6,1108.01,2430909857,495674
6/4/2018,1107.93,1109.1,1103.7,2425545381,0
6/1/2018,1106.98,1107.21,1097.67,2423453734,0
5/31/2018,1093.29,1101.98,1091.53,2393487588,0
5/30/2018,1101.42,1104.35,1096.15,2411283306,670712
5/29/2018,1091.8,1096.09,1084.31,2390893357,0
5/25/2018,1098.51,1102.83,1096.48,2405594255,0
5/24/2018,1096.77,1100.73,1087.86,2401771889,0
5/23/2018,1098.8,1098.89,1089.18,2406219212,265018
5/22/2018,1099.35,1108.72,1098.48,2407701127,0
5/21/2018,1100.97,1106.02,1097.3,2411252682,289252
5/18/2018,1095.18,1101.16,1094.5,2398856873,370238
5/17/2018,1101.69,1108.83,1095.59,2413470994,0
5/16/2018,1102.89,1106.38,1091.81,2416109220,1118422
5/15/2018,1091.73,1092.34,1082.83,2392766791,0
5/14/2018,1094.81,1100.69,1092.03,2399511668,1095285
5/11/2018,1086.99,1092.61,1083.75,2383471361,0
5/10/2018,1105.85,1107.24,1095.69,2424832795,0
5/9/2018,1092.08,1093.22,1076.88,2394635509,169753
5/8/2018,1081.57,1089.83,1074.64,2371748134,846561
5/7/2018,1088.44,1091.32,1082.76,2387663900,0
5/4/2018,1079.61,1081.77,1056.1,2368297663,0
5/3/2018,1064.21,1065.84,1045.19,2334521565,0
5/2/2018,1063.75,1072.69,1061.33,2333499418,0
5/1/2018,1072.93,1073.3,1057.54,2353646199,0
4/30/2018,1066.44,1081.17,1065.71,2339412581,718031
4/27/2018,1074.62,1085.27,1071.73,2358082986,0
4/26/2018,1078.34,1080.59,1072.7,2366229716,0
4/25/2018,1060.97,1063.46,1048.86,2328113694,0
4/24/2018,1067.19,1084.73,1060.99,2341773173,0
4/23/2018,1068.54,1078.24,1064.25,2344729868,0
4/20/2018,1065.36,1078.24,1061.73,2337755205,0
4/19/2018,1075.08,1090.32,1072.96,2359093933,0
4/18/2018,1095.32,1098.15,1088.55,2403502635,0
4/17/2018,1097.45,1099.91,1090.31,2408169720,0
4/16/2018,1085.67,1090.64,1078.7,2382312404,0
4/13/2018,1078.11,1089.63,1074.23,2365741317,0
4/12/2018,1085.38,1088.98,1078.63,2381693520,0
4/11/2018,1074.72,1086.03,1072.58,2358302210,0
4/10/2018,1081.28,1086.33,1070.73,2372684814,0
4/9/2018,1056.24,1077.74,1055.79,2317754411,0
4/6/2018,1053.71,1076.6,1047.44,2312191112,0
4/5/2018,1079.69,1089.69,1074.19,2369196935,0
4/4/2018,1081.33,1083.93,1049.26,2372795798,0
4/3/2018,1066.26,1068.13,1052.65,2339728945,0
4/2/2018,1054.52,1083.79,1046.61,2313962417,0
3/29/2018,1082.31,1091.25,1068.61,2374957993,0
3/28/2018,1067.05,1079.74,1062.93,2341466220,469704
3/27/2018,1070.28,1101.4,1064.86,2349021804,0
3/26/2018,1092.88,1093.62,1071.26,2398631846,0
3/23/2018,1066.43,1100.18,1066.43,2340564908,0
3/22/2018,1094.6,1114.5,1094.42,2402391268,0
3/21/2018,1120.67,1131.11,1117.09,2459624928,0
3/20/2018,1118.35,1125.15,1115.52,2454530793,1048427
3/19/2018,1120.55,1131.89,1109.53,2460396861,0
3/16/2018,1138.58,1144.04,1135.9,2691251194,296208
3/15/2018,1133.1,1139.73,1130.25,2678581669,0
3/14/2018,1135.43,1141.38,1130.66,2684085982,0
3/13/2018,1137.71,1158.62,1136.12,2689492632,0
3/12/2018,1150.28,1152.26,1143.36,2719202252,0
3/9/2018,1145.45,1146.11,1131.48,2707777061,0
3/8/2018,1125.56,1128.49,1121.38,2660773317,0
3/7/2018,1119.56,1122.32,1110.7,2646567714,248180
3/6/2018,1124.87,1124.89,1113.09,2659384992,268356
3/5/2018,1110.71,1113.33,1091.01,2626175556,0
3/2/2018,1097.13,1098.81,1077.28,2594058248,0
3/1/2018,1086.98,1104.12,1076.88,2570054054,0
2/28/2018,1094.05,1111.59,1094.05,2586768646,800610
2/27/2018,1099.46,1121.44,1099.43,2600378649,0
2/26/2018,1116.15,1116.61,1105.8,2639850785,0
2/23/2018,1106.65,1106.68,1092.26,2617378864,0
2/22/2018,1090.04,1101.13,1087.88,2578091300,0
2/21/2018,1091.48,1109.57,1091.3,2581506499,1353410
2/20/2018,1098.05,1107.85,1093.51,2598392481,418444
2/16/2018,1096.84,1104.87,1094.32,2595953979,0
2/15/2018,1095.77,1095.84,1078.13,2593414505,0
2/14/2018,1084.26,1086.64,1058.33,2566175637,558554
2/13/2018,1065.15,1067.63,1054.92,2521511876,0
2/12/2018,1066.66,1074.75,1057.22,2525080216,0
2/9/2018,1055.36,1062.72,1020.13,2498336334,0
2/8/2018,1045.27,1086.85,1045.11,2474429965,0
2/7/2018,1083.95,1103.59,1082.86,2566006181,0
2/6/2018,1095.44,1097.84,1057.45,2593208039,719699
2/5/2018,1076.05,1119.91,1076.05,2548011512,0
2/2/2018,1113.01,1128.76,1113.01,2635528993,0
2/1/2018,1136.85,1144.72,1126.73,2691989293,0
1/31/2018,1136.45,1144.95,1131.81,2691027175,605932
1/30/2018,1132.2,1141.63,1130.4,2681585297,0
1/29/2018,1147.47,1155.82,1137.14,2717739969,0
1/26/2018,1146.4,1146.4,1133.42,2715215812,0
1/25/2018,1128.07,1148.82,1127.09,2671794227,0
1/24/2018,1135.6,1147.24,1130.41,2689634790,0
1/23/2018,1141.45,1141.99,1133.66,2703472853,0
1/22/2018,1135.91,1135.91,1125.69,2690368030,0
1/19/2018,1128.47,1128.47,1117.25,2672730841,0
1/18/2018,1120.23,1121.71,1114.33,2653217784,0
1/17/2018,1120.15,1122.87,1110.25,2653043402,0
1/16/2018,1105.32,1122.3,1102.67,2617911622,0
1/12/2018,1114.71,1115.81,1106.54,2640154289,0
1/11/2018,1104,1104.06,1094.62,2614774305,0
1/10/2018,1091.35,1092.5,1086.03,2584819546,0
1/9/2018,1096.47,1101.71,1094.46,2596942881,0
1/8/2018,1099.6,1100.79,1093.93,2604358045,0
1/5/2018,1096,1096.96,1087.97,2595847146,0
1/4/2018,1084.43,1087.39,1078.32,2568433272,0
1/3/2018,1079.29,1079.99,1072.64,2556269491,0
1/2/2018,1070.41,1070.87,1056.22,2535237147,0
12/29/2017,1051.96,1062.07,1051.8,2491534688,0
12/28/2017,1061.14,1062.42,1057.25,2513268186,612595
12/27/2017,1058.65,1062.24,1057.62,2507981769,0
12/26/2017,1060.59,1062.87,1059.63,2512590420,0
12/22/2017,1064.84,1066.02,1061.58,2522645815,0
12/21/2017,1064.74,1069.88,1063.99,2522417966,0
12/20/2017,1065.29,1071.72,1063.09,2523704420,0
12/19/2017,1065.75,1071.3,1065.14,2524804563,1499286
12/18/2017,1067.57,1069.05,1062.26,2530629866,0
12/15/2017,1054.65,1055.8,1045.33,2675085536,0
12/14/2017,1044.11,1053.5,1043.93,2648343414,722804
12/13/2017,1048.38,1052.9,1047.49,2659909048,0
12/12/2017,1046.13,1049.45,1043.4,2654182310,0
12/11/2017,1046.37,1049.24,1042.87,2654809898,0
12/8/2017,1046.47,1049.45,1044.38,2655059637,0
12/7/2017,1040.71,1041.51,1031.33,2640440440,0
12/6/2017,1034.07,1040.27,1033.54,2623604367,0
12/5/2017,1041.11,1049.02,1040.97,2641451119,289034
12/4/2017,1042.24,1049.78,1041.54,2644619655,0
12/1/2017,1037.35,1037.98,1015.25,2632199164,0
11/30/2017,1035.85,1042.18,1033.61,2628387726,263548
11/29/2017,1034.65,1046.98,1032.78,2625618710,1536350
11/28/2017,1040.16,1040.26,1024.64,2641131648,0
11/27/2017,1025.63,1031.58,1022.68,2604236701,0
11/24/2017,1036.02,1039.66,1034.45,2630633738,0
11/22/2017,1037.98,1042.12,1037.91,2635603030,0
11/21/2017,1040.02,1040.35,1034.6,2640786448,0
11/20/2017,1033.21,1034.51,1029.69,2623494161,696589
11/17/2017,1030.85,1031.75,1025.7,2618187991,427486
11/16/2017,1020.28,1022.43,1007.05,2591779470,0
11/15/2017,1009.21,1011.64,1001.1,2563660693,211074
11/14/2017,1011.41,1011.71,1005.39,2569451339,598135
11/13/2017,1010.04,1012.56,1007.03,2566558833,0
11/10/2017,1011.94,1012.3,1002.8,2571405366,0
11/9/2017,1004.43,1009.72,997.93,2552314737,0
11/8/2017,1005.27,1006.55,998.29,2554442976,199637
11/7/2017,1001.06,1007.82,997.22,2543948813,0
11/6/2017,1007.5,1008.4,999,2560328593,0
11/3/2017,996.8,997.85,993.47,2533134657,0
11/2/2017,996.81,998.68,990.2,2533156412,0
11/1/2017,1000.32,1010.69,997.33,2542060285,0
10/31/2017,1010.25,1013.93,1008.99,2567299186,1465316
10/30/2017,1010.04,1013.04,1006.11,2568230075,0
10/27/2017,1014.42,1015.37,1001.69,2579365370,0
10/26/2017,1021.49,1024.13,1013.81,2597351611,0
10/25/2017,1018.22,1025.63,1011.71,2589035613,0
10/24/2017,1023.84,1028.1,1022.68,2603334227,0
10/23/2017,1023.74,1033.39,1022.97,2603065864,0
10/20/2017,1026.22,1028.2,1023.75,2609368225,0
10/19/2017,1017.42,1017.52,1007.16,2587001836,0
10/18/2017,1014.39,1015.95,1009.44,2579285510,0
10/17/2017,1011.07,1011.45,1006.35,2570855004,0
10/16/2017,1009.67,1010.84,1006.71,2567296505,0
10/13/2017,1008.38,1010.78,1002.28,2564025223,0
10/12/2017,1001.34,1003.42,998.95,2546114667,0
10/11/2017,1006.27,1007.41,1003.76,2558642101,0
10/10/2017,1007.61,1011.09,1004.69,2562051973,0
10/9/2017,1005.52,1013.73,1004.3,2556753091,0
10/6/2017,1013.45,1014.1,1010.71,2576910860,0
10/5/2017,1014.37,1017.75,1011.84,2579247253,0
10/4/2017,1014.52,1017.04,1008.6,2579639516,0
10/3/2017,1004.08,1005.94,1001.68,2553074726,0
10/2/2017,1002.98,1004.43,996.03,2550275271,0
9/29/2017,997.9,999.8,990.97,2537367852,0
9/28/2017,990.55,990.79,986.84,2518689100,564844
9/27/2017,995.27,998.24,984.47,2531244627,0
9/26/2017,981.17,989.89,980.65,2495385075,0
9/25/2017,983.63,988.67,979.5,2501637484,0
9/22/2017,984.39,984.9,969.88,2503580484,0
9/21/2017,971.58,974.56,967.28,2471008337,0
9/20/2017,974.37,979,967.48,2478102918,0
9/19/2017,978.85,981.36,974.26,2489495291,1877794
9/18/2017,980.43,985.94,977.76,2495384353,0
9/15/2017,982.24,983.36,975.54,2449350157,0
9/14/2017,975.54,981.09,974.66,2432625412,570288
9/13/2017,981.04,981.07,977.03,2446915233,0
9/12/2017,981.06,981.37,975.23,2446969455,303623
9/11/2017,975.5,977.91,972,2433417462,0
9/8/2017,965.68,971.31,964.94,2408915319,0
9/7/2017,971.56,979.21,971.19,2423589376,0
9/6/2017,976.89,978.91,972.55,2436873326,266312
9/5/2017,973.62,983.27,966.49,2428985098,0
9/1/2017,981.43,983,978.42,2448457852,0
8/31/2017,977.14,977.65,969.97,2437757604,0
8/30/2017,967.51,968.97,959.64,2413752737,0
8/29/2017,962.61,963.71,951.57,2401521467,778378
8/28/2017,961.02,963.05,959.4,2398317003,0
8/25/2017,960.24,964.02,958.05,2396381120,0
8/24/2017,957.26,961.16,954.48,2388935152,0
8/23/2017,951.88,954.55,950.14,2375521790,0
8/22/2017,956.12,957.35,945.28,2386109520,1010363
8/21/2017,941.11,943.85,936.84,2349638185,0
8/18/2017,942.85,949.16,940.46,2353978203,0
8/17/2017,940.27,958.77,940.27,2347540487,0
8/16/2017,960.31,961.44,956.21,2397566946,0
8/15/2017,953.26,958.33,952.57,2379958022,0
8/14/2017,958.36,963.84,955.74,2392698006,0
8/11/2017,949.33,950.43,943.9,2370152284,603889
8/10/2017,941.31,956.52,940.7,2350744103,0
8/9/2017,961.45,961.56,951.97,2401039911,0
8/8/2017,963.56,972.69,961.39,2406287383,733861
8/7/2017,974.59,976.43,967.91,2434584764,0
8/4/2017,967.96,975.62,967.12,2418029668,314033
8/3/2017,978.12,983.99,976.73,2443723895,0
8/2/2017,987.42,997.97,982.69,2466953083,0
8/1/2017,1000.25,1000.73,994.93,2499009906,0
7/31/2017,997.94,1005.89,994.59,2493227853,0
7/28/2017,1003.99,1006.21,1000.15,2508347274,519883
7/27/2017,1007.8,1019.59,998.53,2518400480,0
7/26/2017,1011.33,1012.53,1008.5,2527221270,0
7/25/2017,1014.21,1018.22,1010.93,2534410148,0
7/24/2017,1019.99,1024.83,1019.37,2548856909,0
7/21/2017,1027.09,1031.27,1024.59,2566603467,0
7/20/2017,1033.13,1035.22,1028.85,2581680760,0
7/19/2017,1032.02,1032.16,1025.62,2578922357,0
7/18/2017,1020.78,1020.98,1015.6,2550819252,0
7/17/2017,1022.14,1025.43,1020.45,2554238885,0
7/14/2017,1021.92,1022.34,1017.03,2553666400,0
7/13/2017,1013.28,1015,1009.99,2532083318,0
7/12/2017,1014.61,1016.42,1012.01,2535409368,0
7/11/2017,1004.25,1007.93,999.26,2509524734,0
7/10/2017,1001.19,1002.96,993.97,2501887287,0
7/7/2017,997.58,1002.29,992.08,2492849649,0
7/6/2017,988.08,994.03,984.05,2469118142,0
7/5/2017,998.38,1000.12,988.79,2494850722,0
7/3/2017,990.87,1003.95,990.56,2476075855,0
6/30/2017,997.01,1001.22,993.09,2491439957,0
6/29/2017,997.54,1012.28,987.35,2492747607,0
6/28/2017,1015.38,1017.3,1003.85,2537335579,573921
6/27/2017,1002.92,1017.7,1002.88,2506774625,0
6/26/2017,1018.4,1029.51,1017.32,2545456201,0
6/23/2017,1021.19,1022.61,1011.19,2552425536,0
6/22/2017,1012.92,1016.58,1007.32,2531769573,0
6/21/2017,1011.63,1012.02,1003.37,2528531934,0
6/20/2017,997.53,1011.23,997.52,2493298715,0
6/19/2017,1011.66,1013.49,1004.67,2528608613,1495372
6/16/2017,999.62,1000.58,994.65,2493481747,0
6/15/2017,1001.5,1003.03,995.28,2498167504,0
6/14/2017,1006.98,1020.25,999.79,2511843626,0
6/13/2017,1016.47,1017.38,1010.63,2535499236,469925
6/12/2017,1010.03,1010.13,999.86,2519914602,0
6/9/2017,1010.26,1037.06,1000.53,2520486961,0
6/8/2017,1033.18,1033.4,1024.69,2577673000,0
6/7/2017,1027.71,1028.35,1022.31,2564013855,590551
6/6/2017,1023.05,1027.9,1021.63,2552989525,0
6/5/2017,1026.5,1030.37,1025.83,2561592195,310666
6/2/2017,1030.31,1031.03,1023.36,2571399896,0
6/1/2017,1026.79,1026.79,1016.65,2562617923,0
5/31/2017,1016.44,1021.76,1010.83,2536798753,0
5/30/2017,1015.26,1017.98,1012.17,2533853426,747452
5/26/2017,1012.91,1013.14,1008.01,2528729979,0
5/25/2017,1011.93,1015.31,1003.71,2526291764,0
5/24/2017,1002.72,1003.47,999.35,2503286482,0
5/23/2017,999.21,1005.77,997.58,2494526397,986121
5/22/2017,1005.69,1006.39,1000.5,2511703952,0
5/19/2017,998.17,1002.08,990.83,2492908281,478301
5/18/2017,989.28,993.27,979.34,2471178636,436117
5/17/2017,981.48,999.9,981.17,2452126886,0
5/16/2017,1003.7,1004.3,1000.12,2507658949,0
5/15/2017,1001.44,1003.5,997.79,2502014222,0
5/12/2017,996.36,998.86,994.87,2489304836,835317
5/11/2017,998.51,999.52,990.66,2495516768,549786
5/10/2017,1002.33,1004.22,997.82,2505611267,0
5/9/2017,1001.36,1002.52,994.89,2503194851,0
5/8/2017,994.36,998.2,991.8,2485702047,202020
5/5/2017,997.47,997.54,990.92,2493666522,0
5/4/2017,992.88,994.63,988.31,2482199182,0
5/3/2017,992.47,999.48,989.81,2481171025,0
5/2/2017,1003.2,1003.27,996.25,2508011475,0
5/1/2017,1000.66,1002.12,995.99,2501647206,0
